numDep,DISP_TP6018,DISP_Q118,DISP_MED18,DISP_Q318,DISP_EQ18,DISP_D118,DISP_D218,DISP_D318,DISP_D418,DISP_D618,DISP_D718,DISP_D818,DISP_D918,DISP_RD18,DISP_S80S2018,DISP_GI18,DISP_PACT18,DISP_PTSA18,DISP_PCHO18,DISP_PBEN18,DISP_PPEN18,DISP_PPAT18,DISP_PPSOC18,DISP_PPFAM18,DISP_PPMINI18,DISP_PPLOGT18,DISP_PIMPOT18,DISP_NOTE18
01,21.6,14798.048780487805,20543.658536585364,27809.51219512195,0.6190243902439025,10847.073170731708,13624.878048780487,15949.512195121952,18221.219512195123,23023.90243902439,25986.09756097561,30102.439024390245,37378.78048780488,3.4170731707317064,4.351219512195121,0.2845853658536585,70.54878048780488,64.4925,3.5700000000000003,2.8750000000000004,28.51707317073171,8.851219512195124,8.11951219512195,2.9585365853658536,3.060975609756097,2.1,-16.03658536585366,0.0
02,27.262711864406786,13125.671641791045,17746.417910447763,23760.89552238806,0.5946268656716419,9881.492537313432,12154.776119402984,14070.0,15890.149253731342,19808.955223880595,22241.492537313432,25661.492537313432,31847.761194029852,3.210447761194031,3.922388059701493,0.2663283582089551,62.06865671641791,56.003389830508475,3.540677966101695,4.769491525423728,32.156716417910445,6.861194029850748,13.294029850746268,3.7880597014925366,5.977611940298507,3.5283582089552246,-14.380597014925375,0.0
03,21.013888888888893,14470.444444444445,19494.444444444445,25673.555555555555,0.5766666666666665,10824.666666666666,13380.0,15466.666666666666,17464.222222222223,21648.666666666668,24129.11111111111,27535.11111111111,33695.77777777778,3.142222222222223,3.8311111111111105,0.26100000000000007,56.64222222222224,49.36666666666666,2.8466666666666667,4.42888888888889,39.902222222222214,9.633333333333333,9.395555555555553,2.1466666666666665,4.671111111111111,2.577777777777778,-15.573333333333332,0.0
04,19.666666666666668,14784.70588235294,20068.823529411766,26767.647058823528,0.6011764705882352,11068.823529411764,13680.588235294117,15788.235294117647,17926.470588235294,22348.823529411766,25031.176470588234,28698.823529411766,35822.35294117647,3.252941176470589,4.570588235294117,0.2899411764705883,58.00588235294117,50.27058823529412,3.0352941176470587,4.7,35.1,15.558823529411764,8.241176470588234,2.2411764705882353,3.7588235294117656,2.2411764705882358,-16.905882352941177,0.0
05,16.329411764705878,15666.190476190477,20786.666666666668,27090.0,0.5528571428571429,11900.0,14485.714285714286,16725.238095238095,18827.619047619046,22893.333333333332,25487.619047619046,29046.666666666668,35686.19047619047,3.019047619047619,3.6714285714285713,0.2582857142857143,63.961904761904755,55.00952380952382,3.0714285714285716,5.880952380952381,35.79047619047619,10.395238095238094,6.428571428571429,2.0095238095238095,2.7190476190476187,1.6999999999999997,-16.576190476190476,0.0
06,18.23344481605351,15727.425149700599,21787.305389221558,29788.443113772457,0.6410479041916166,11206.22754491018,14404.101796407185,16971.616766467065,19382.36526946108,24494.34131736527,27753.80239520958,32314.071856287424,40657.754491017964,3.653592814371258,4.686526946107784,0.2935898203592813,70.63682634730546,61.187951807228885,3.462650602409637,6.064156626506025,30.444311377245512,12.320658682634729,6.130538922155687,1.8149700598802396,2.7505988023952104,1.564970059880239,-19.53233532934132,0.011976047904191617
07,21.49285714285714,14902.5,19662.5,25612.0,0.5495,11319.0,13836.0,15941.5,17846.5,21612.0,24051.0,27402.0,33867.5,3.0200000000000005,3.84,0.26789999999999997,61.56000000000002,52.94,3.655,4.965,35.105000000000004,11.179999999999998,8.37,2.57,3.499999999999999,2.3,-16.214999999999996,0.0
08,30.699999999999996,12768.333333333334,17406.333333333332,23115.666666666668,0.5896666666666666,9659.666666666666,11776.333333333334,13709.333333333334,15550.333333333334,19384.666666666668,21701.0,24914.0,30272.0,3.11,3.7266666666666657,0.25946666666666673,58.37666666666667,53.82000000000002,3.2760000000000002,5.031999999999999,33.68666666666667,6.34,15.323333333333332,3.593333333333332,7.483333333333333,4.246666666666666,-13.726666666666665,0.03333333333333333
09,21.400000000000002,13583.333333333334,18083.333333333332,23821.666666666668,0.5733333333333334,10400.0,12565.0,14426.666666666666,16183.333333333334,20140.0,22458.333333333332,25650.0,31840.0,3.0666666666666664,3.766666666666666,0.26366666666666666,61.73333333333333,53.6,3.6,4.533333333333334,32.88333333333333,8.583333333333334,11.616666666666667,2.85,5.533333333333334,3.233333333333333,-14.816666666666665,0.0
10,24.28461538461539,13414.255319148937,17979.787234042553,23955.531914893618,0.5817021276595745,10106.595744680852,12443.191489361701,14352.553191489362,16134.04255319149,19968.936170212764,22410.425531914894,25876.17021276596,31991.91489361702,3.1638297872340435,3.9042553191489366,0.26500000000000007,63.92340425531915,56.8093023255814,3.8418604651162793,4.630232558139533,31.034042553191494,6.944680851063829,12.797872340425535,3.55744680851064,5.659574468085105,3.5808510638297877,-14.7,0.0
11,26.50769230769231,13315.818181818182,18171.090909090908,24574.0,0.6207272727272727,9992.363636363636,12315.272727272728,14239.09090909091,16180.545454545454,20370.363636363636,22995.636363636364,26531.81818181818,32804.545454545456,3.287272727272727,4.1036363636363635,0.27981818181818174,57.325454545454555,47.75090909090911,3.6563636363636354,5.918181818181817,36.57818181818182,9.39272727272727,11.858181818181817,2.6745454545454543,5.912727272727274,3.2709090909090905,-15.154545454545453,0.0
12,19.69565217391304,15168.387096774193,20016.129032258064,26376.774193548386,0.5593548387096773,11512.90322580645,14128.387096774193,16190.322580645161,18124.83870967742,22150.0,24761.290322580644,28436.451612903227,35225.8064516129,3.080645161290323,3.8838709677419354,0.26825806451612905,62.812903225806444,53.593548387096774,2.7903225806451606,6.429032258064514,35.538709677419355,10.799999999999999,7.519354838709678,2.0903225806451613,3.3935483870967733,2.035483870967742,-16.67096774193548,0.0
13,23.772764227642273,15149.4089456869,20684.041533546326,27837.220447284344,0.6096006389776357,11063.801916932907,13944.08945686901,16262.651757188498,18445.20766773163,23104.55271565495,26037.795527156548,30018.658146964855,37038.035143769965,3.364376996805111,4.145686900958464,0.27104952076677297,71.1662939297125,62.76915422885571,3.756716417910449,5.382089552238805,27.55718849840256,8.644089456869015,9.979392971246,2.9966453674121376,4.362140575079871,2.620607028753993,-17.346964856230016,0.022364217252396165
14,22.25820895522388,15009.540229885057,20025.287356321838,26690.344827586207,0.574712643678161,11221.6091954023,13903.908045977012,16020.80459770115,17996.091954022988,22295.74712643678,25012.873563218393,28800.689655172413,35709.19540229885,3.164367816091954,3.9436781609195393,0.267183908045977,66.36551724137931,58.84749999999998,3.2424999999999997,5.610000000000001,32.22528735632183,7.960919540229884,9.790804597701152,2.5448275862068974,4.343678160919539,2.902298850574713,-16.342528735632186,0.022988505747126436
15,17.78,15770.76923076923,20687.69230769231,27259.23076923077,0.556923076923077,11913.076923076924,14680.76923076923,16757.69230769231,18681.53846153846,22883.076923076922,25545.384615384617,29245.384615384617,36078.46153846154,3.038461538461538,3.8153846153846156,0.26592307692307693,61.57692307692308,53.838461538461544,2.3461538461538463,5.392307692307693,36.215384615384615,12.007692307692306,7.115384615384615,1.5615384615384618,3.4999999999999996,2.053846153846154,-16.915384615384614,0.0
16,22.6,13940.416666666666,19206.25,26209.583333333332,0.6383333333333333,10342.916666666666,12871.666666666666,15024.583333333334,17015.416666666668,21624.583333333332,24482.5,28405.0,35019.166666666664,3.3875000000000006,4.1916666666666655,0.28095833333333337,65.87916666666666,58.48636363636364,3.6590909090909096,5.468181818181818,30.987499999999997,7.562500000000001,11.491666666666665,2.625,5.575,3.291666666666666,-15.920833333333336,0.0
17,19.120833333333334,15306.440677966102,20647.966101694914,27870.338983050846,0.6059322033898303,11422.542372881357,14174.57627118644,16404.237288135595,18483.389830508473,23096.949152542373,26056.101694915254,30090.677966101695,37294.40677966102,3.2677966101694924,4.022033898305086,0.2716610169491526,57.472881355932195,48.19827586206896,3.413793103448276,5.855172413793105,40.961016949152544,10.133898305084745,8.340677966101694,1.9593220338983055,4.025423728813558,2.35593220338983,-16.908474576271182,0.01694915254237288
18,22.82368421052632,14508.048780487805,19324.878048780487,25483.414634146342,0.5695121951219514,10861.707317073171,13459.268292682927,15517.073170731708,17415.853658536584,21490.243902439026,23944.878048780487,27280.975609756097,33217.560975609755,3.0658536585365854,3.7170731707317075,0.2569512195121952,60.36829268292683,55.156756756756764,2.8216216216216212,4.489189189189189,36.94146341463415,7.439024390243899,10.68780487804878,2.675609756097561,5.221951219512197,2.790243902439024,-15.436585365853663,0.0
19,19.333333333333336,14923.666666666666,19757.333333333332,26268.333333333332,0.5733333333333331,11292.333333333334,13930.666666666666,15904.333333333334,17861.333333333332,21965.333333333332,24584.666666666668,28251.666666666668,34339.666666666664,3.033333333333333,3.7333333333333334,0.2614666666666667,60.96333333333333,53.23000000000001,3.1299999999999994,4.603333333333334,37.49666666666667,9.520000000000001,8.06,2.3633333333333337,3.473333333333333,2.223333333333333,-16.040000000000003,0.0
21,18.984745762711864,16232.209302325582,21579.883720930233,28609.883720930233,0.5691860465116281,12015.232558139534,15037.209302325582,17308.13953488372,19413.25581395349,23970.93023255814,26845.0,30797.325581395347,38113.604651162794,3.1744186046511627,3.9255813953488357,0.26408139534883734,71.38372093023257,63.879761904761914,2.966666666666667,4.890476190476191,30.852325581395345,8.586046511627906,7.232558139534884,2.265116279069768,2.9255813953488374,2.0418604651162795,-18.054651162790705,0.0
22,17.247058823529407,16011.27659574468,21217.23404255319,27728.297872340427,0.5529787234042552,12054.468085106382,14852.340425531915,17091.702127659573,19158.72340425532,23397.659574468085,26083.82978723404,29770.212765957447,36427.02127659575,3.0382978723404257,3.7340425531914883,0.25863829787234055,65.4191489361702,56.93404255319151,2.997872340425532,5.487234042553189,35.257446808510636,8.800000000000002,7.529787234042551,2.1787234042553187,3.3489361702127654,2.002127659574468,-17.00638297872341,0.0
23,20.8,14496.0,19894.0,26186.0,0.5960000000000001,10506.0,13350.0,15606.0,17704.0,22206.0,24804.0,27928.0,34330.0,3.3199999999999994,4.08,0.2752,60.160000000000004,53.06,2.8,4.3,39.42,8.600000000000001,8.720000000000002,1.98,4.32,2.42,-16.9,0.0
24,20.5125,14286.153846153846,19461.53846153846,26149.615384615383,0.6123076923076923,10646.153846153846,13201.538461538461,15375.76923076923,17392.30769230769,21660.76923076923,24371.153846153848,28156.153846153848,34714.230769230766,3.2846153846153845,4.126923076923077,0.2786538461538462,59.800000000000004,51.38076923076923,3.1115384615384616,5.3076923076923075,37.9,9.757692307692308,8.665384615384614,2.0461538461538464,4.119230769230769,2.5,-16.123076923076923,0.0
25,23.075000000000014,14549.35064935065,19730.25974025974,26670.51948051948,0.6087012987012986,10892.987012987012,13425.974025974027,15594.805194805194,17655.714285714286,22064.155844155845,24883.506493506495,28748.051948051947,35404.155844155845,3.2402597402597393,3.996103896103896,0.2711558441558442,68.6077922077922,61.769014084507084,3.38169014084507,4.929577464788731,30.04675324675326,7.420779220779224,10.481818181818177,3.044155844155844,4.5870129870129865,2.8506493506493507,-16.55714285714286,0.0
26,20.330357142857142,14657.1875,19567.1875,25833.4375,0.5684375000000002,11041.09375,13593.4375,15667.8125,17596.25,21713.28125,24267.1875,27807.96875,34164.21875,3.0875,3.8046875000000004,0.26315625000000004,65.32031249999999,57.30781250000002,3.671875,4.340625000000001,31.714062499999994,9.545312500000001,9.267187499999999,3.0890625000000003,3.656250000000001,2.521875000000001,-15.846874999999999,0.0
27,26.499999999999996,13786.333333333334,18615.0,24784.833333333332,0.5878333333333337,10446.833333333334,12779.0,14795.666666666666,16709.166666666668,20723.833333333332,23270.833333333332,26531.333333333332,32480.833333333332,3.0966666666666653,3.7149999999999994,0.25848333333333334,66.63833333333338,61.10377358490565,3.6981132075471694,3.3490566037735854,29.408333333333328,6.126666666666669,12.511666666666665,3.8316666666666666,5.496666666666667,3.183333333333333,-14.684999999999997,0.0
28,23.72222222222222,14305.454545454546,18983.090909090908,24720.727272727272,0.5447272727272726,10715.636363636364,13236.0,15287.272727272728,17128.18181818182,20909.090909090908,23269.090909090908,26422.727272727272,31924.545454545456,2.9654545454545453,3.4963636363636366,0.24310909090909094,65.94000000000001,59.37959183673468,3.7408163265306125,3.4428571428571413,31.17454545454545,6.40909090909091,11.076363636363638,4.074545454545454,4.305454545454545,2.6963636363636354,-14.600000000000001,0.01818181818181818
29,16.695348837209306,16151.703703703704,21133.25925925926,27344.666666666668,0.5302962962962964,12241.851851851852,15049.25925925926,17203.333333333332,19185.25925925926,23261.555555555555,25806.74074074074,29291.703703703704,35440.0,2.9185185185185167,3.5325925925925934,0.246237037037037,68.79777777777781,60.95488721804511,3.266165413533835,4.745112781954889,32.745925925925924,7.577777777777783,7.53851851851852,2.2140740740740745,3.333333333333334,1.9911111111111108,-16.660000000000007,0.007407407407407408
2A,18.17727272727273,15562.142857142857,21580.35714285714,29049.285714285714,0.6214285714285713,11450.357142857143,14300.0,16880.35714285714,19251.428571428572,24171.785714285714,27265.35714285714,31338.928571428572,39078.57142857143,3.410714285714287,4.371428571428571,0.2868214285714285,73.17142857142856,62.989285714285714,2.6142857142857148,7.567857142857143,28.542857142857137,11.107142857142856,6.4071428571428575,1.6392857142857145,3.1750000000000003,1.592857142857143,-19.228571428571428,0.07142857142857142
2B,23.993333333333332,13707.333333333334,19221.333333333332,26698.666666666668,0.6673333333333334,10057.333333333334,12600.0,14736.666666666666,16884.0,21764.0,24877.333333333332,28966.0,36042.666666666664,3.5866666666666664,4.706666666666666,0.30113333333333336,67.05333333333334,56.42666666666666,2.44,8.186666666666666,30.333333333333332,9.860000000000001,10.059999999999999,1.7933333333333334,5.633333333333334,2.633333333333333,-17.30666666666667,0.0
30,30.80989010989012,13462.42718446602,18273.980582524273,24654.660194174758,0.5984466019417476,10128.640776699029,12470.873786407767,14417.281553398057,16346.213592233009,20446.990291262136,23069.417475728154,26605.242718446603,33044.854368932036,3.209708737864078,3.955339805825244,0.268368932038835,60.33495145631069,51.728712871287115,4.02079207920792,4.97029702970297,31.83592233009709,8.660194174757281,14.27669902912622,3.8621359223300966,6.497087378640775,3.917475728155339,-15.107766990291264,0.0
31,19.716580310880826,16220.811965811965,22849.65811965812,31325.299145299145,0.6552991452991456,11512.136752136752,14815.128205128205,17569.700854700855,20186.62393162393,25751.324786324785,29235.94017094017,33889.27350427351,42158.24786324786,3.705982905982906,4.611538461538461,0.28973931623931615,78.49444444444451,69.50472103004293,3.373390557939916,5.736051502145923,23.33205128205126,9.226495726495722,8.087606837606831,2.2717948717948713,3.500427350427349,2.315384615384615,-19.140598290598298,0.021367521367521368
32,18.65,14873.636363636364,19719.090909090908,26318.18181818182,0.5881818181818183,11307.272727272728,13827.272727272728,15899.09090909091,17761.81818181818,21975.454545454544,24703.636363636364,28219.090909090908,35168.181818181816,3.1363636363636362,3.8363636363636364,0.26654545454545453,61.08181818181819,52.48181818181819,2.927272727272727,5.672727272727273,36.55454545454546,8.718181818181817,9.90909090909091,2.3636363636363633,4.927272727272728,2.6181818181818186,-16.263636363636365,0.0
33,16.19441860465117,16930.83916083916,23020.734265734267,31001.04895104895,0.6076573426573428,12315.34965034965,15578.566433566433,18183.566433566433,20573.776223776225,25717.202797202797,28967.23776223776,33457.58741258741,41625.48951048951,3.4090909090909087,4.269930069930071,0.2776818181818181,76.89720279720285,67.24615384615379,3.449650349650351,6.201398601398603,26.73496503496503,9.36503496503496,6.326573426573431,1.846853146853147,2.7265734265734256,1.7531468531468526,-19.323776223776225,0.03146853146853147
34,27.314545454545442,13809.333333333334,19239.5,26311.222222222223,0.643388888888889,10005.277777777777,12683.388888888889,14882.833333333334,17040.61111111111,21644.722222222223,24521.277777777777,28520.61111111111,35794.555555555555,3.571666666666666,4.557777777777778,0.2913055555555555,65.57611111111116,54.830000000000005,4.248333333333331,6.497777777777778,30.86888888888892,9.627222222222224,11.015000000000004,2.951666666666666,4.961666666666668,3.1016666666666675,-17.08722222222223,0.027777777777777776
35,19.496116504854367,16557.18120805369,22581.610738255033,30355.5033557047,0.6061744966442957,12057.31543624161,15207.181208053691,17784.362416107382,20163.557046979866,25228.456375838927,28398.25503355705,32783.355704697984,40568.85906040268,3.377852348993288,4.269127516778522,0.27887919463087246,71.6046979865772,63.80958904109588,3.018493150684933,5.221232876712329,29.575167785234903,10.193959731543622,7.3865771812080565,2.116107382550336,3.1744966442953007,2.0959731543624156,-18.760402684563758,0.006711409395973154
36,21.220000000000002,14710.384615384615,19367.30769230769,25160.76923076923,0.5400000000000001,11218.461538461539,13618.846153846154,15693.846153846154,17570.384615384617,21380.384615384617,23711.53846153846,26791.923076923078,32687.30769230769,2.930769230769231,3.573076923076923,0.24988461538461534,62.34230769230768,56.69166666666666,3.0708333333333324,3.850000000000001,35.46923076923077,7.742307692307692,9.807692307692308,2.673076923076924,4.546153846153846,2.5884615384615377,-15.361538461538466,0.0
37,21.431081081081075,15804.017857142857,21089.375,27923.035714285714,0.5719642857142856,11686.25,14631.517857142857,16905.98214285714,18984.64285714286,23388.125,26178.660714285714,30012.946428571428,36734.46428571428,3.1598214285714272,3.8625000000000003,0.2594017857142857,68.96071428571426,62.349532710280364,3.2822429906542054,4.053271028037384,31.505357142857132,7.99375,8.524107142857149,2.5214285714285722,3.669642857142857,2.333035714285714,-16.98392857142858,0.0
38,19.446564885496183,15742.616279069767,21343.13953488372,28389.011627906977,0.5909302325581389,11543.953488372093,14508.60465116279,16908.081395348836,19121.74418604651,23748.95348837209,26622.093023255813,30451.86046511628,36906.16279069767,3.205232558139534,3.8494186046511634,0.25966279069767456,73.41744186046509,66.94058823529414,3.23764705882353,3.4582352941176464,26.996511627906955,8.388372093023259,7.976162790697675,2.794767441860465,3.0412790697674414,2.140116279069769,-16.778488372093033,0.0
39,22.977777777777774,14471.304347826086,19242.608695652172,25256.521739130436,0.5591304347826087,11011.304347826086,13483.91304347826,15509.565217391304,17384.782608695652,21298.695652173912,23763.91304347826,27146.08695652174,33045.217391304344,2.9913043478260875,3.682608695652174,0.2589565217391304,61.65652173913045,55.495238095238086,2.971428571428572,4.219047619047619,35.93043478260871,7.813043478260868,9.934782608695652,2.786956521739131,4.591304347826087,2.5565217391304342,-15.334782608695651,0.0
40,16.504347826086956,15920.90909090909,20724.242424242424,26865.454545454544,0.5336363636363635,12041.515151515152,14787.575757575758,16902.121212121212,18826.363636363636,22816.969696969696,25339.696969696968,28766.969696969696,34910.0,2.9393939393939394,3.5636363636363635,0.24951515151515152,63.08484848484848,54.99090909090909,3.169696969696969,4.924242424242426,38.03333333333333,8.85151515151515,6.624242424242422,1.8272727272727272,3.015151515151516,1.781818181818182,-16.593939393939394,0.0
41,23.535714285714285,14475.555555555555,19171.11111111111,25289.722222222223,0.5602777777777779,10829.166666666666,13451.111111111111,15458.055555555555,17307.777777777777,21256.944444444445,23777.5,27259.166666666668,33321.38888888889,3.0527777777777776,3.677777777777778,0.2544444444444445,61.888888888888886,54.53235294117647,3.711764705882352,4.0058823529411764,35.036111111111104,7.502777777777778,10.869444444444444,3.4055555555555554,4.761111111111111,2.702777777777778,-15.297222222222224,0.0
42,24.34516129032258,14021.51724137931,18812.827586206895,24695.103448275862,0.5693103448275861,10519.793103448275,12987.034482758621,15019.931034482759,16883.655172413793,20851.172413793105,23236.896551724138,26488.068965517243,32220.689655172413,3.0868965517241382,3.7951724137931033,0.2594551724137931,63.31724137931036,56.35104895104895,3.4671328671328663,3.667832167832167,33.29310344827586,8.31379310344828,10.008275862068965,3.226206896551724,4.044137931034483,2.737931034482759,-14.932413793103441,0.0
43,21.78333333333333,14157.142857142857,18962.85714285714,25280.0,0.5885714285714286,10724.285714285714,13118.57142857143,15055.714285714286,16955.714285714286,21072.85714285714,23707.14285714286,27224.285714285714,33817.142857142855,3.1571428571428575,3.8999999999999995,0.2721428571428572,60.7,51.21428571428572,3.142857142857143,6.3428571428571425,35.00000000000001,10.142857142857142,10.042857142857143,2.314285714285714,4.928571428571429,2.8,-15.885714285714286,0.0
44,14.536969696969697,17431.349206349205,23223.4126984127,30506.428571428572,0.5609523809523805,12953.333333333334,16145.079365079366,18660.75396825397,20913.571428571428,25707.896825396827,28682.619047619046,32733.4126984127,40010.079365079364,3.1063492063492064,3.81269841269841,0.2587539682539682,75.12619047619047,67.40079999999998,3.178399999999999,4.669999999999999,27.972619047619055,9.063888888888886,6.278571428571426,2.0849206349206337,2.5404761904761908,1.653174603174603,-18.441269841269847,0.011904761904761904
45,22.865333333333336,15312.095238095239,20624.85714285714,27331.809523809523,0.5829523809523808,11368.190476190477,14142.761904761905,16409.904761904763,18510.666666666668,22906.285714285714,25664.85714285714,29375.238095238095,35835.80952380953,3.164761904761903,3.875238095238094,0.26360952380952385,70.7552380952381,64.59489795918367,3.191836734693876,3.6959183673469393,29.60285714285714,7.685714285714288,8.848571428571427,3.1790476190476196,3.3199999999999985,2.3495238095238107,-16.892380952380954,0.009523809523809525
46,18.128571428571426,14881.111111111111,20505.555555555555,27768.88888888889,0.6311111111111112,11106.666666666666,13717.777777777777,15958.888888888889,18205.555555555555,22827.777777777777,25806.666666666668,29961.11111111111,36742.22222222222,3.333333333333333,4.1,0.2787777777777778,59.44444444444444,50.333333333333336,2.933333333333333,6.177777777777778,39.54444444444444,10.922222222222222,7.5,1.844444444444444,3.5888888888888886,2.066666666666667,-17.41111111111111,0.0
47,23.66,13623.548387096775,18338.709677419356,24613.225806451614,0.5974193548387096,10286.451612903225,12640.645161290322,14565.161290322581,16408.387096774193,20445.8064516129,23005.483870967742,26548.064516129034,32953.22580645161,3.203225806451613,4.064516129032259,0.27661290322580645,61.65161290322581,53.456666666666656,3.466666666666666,5.1833333333333345,34.025806451612894,9.01935483870968,10.838709677419354,2.8290322580645157,4.958064516129034,3.0516129032258066,-15.535483870967743,0.0
48,14.2,16496.0,21046.0,27068.0,0.508,12766.0,15472.0,17466.0,19292.0,23056.0,25428.0,29144.0,35246.0,2.8,3.5200000000000005,0.2552,70.6,61.17999999999999,2.4,7.0200000000000005,29.860000000000003,9.98,6.4399999999999995,2.12,2.68,1.64,-16.880000000000003,0.0
49,17.0411214953271,16202.090395480225,20893.22033898305,26780.677966101695,0.5055932203389827,12511.468926553673,15151.073446327684,17187.005649717514,19040.112994350282,22910.05649717514,25309.435028248587,28636.4406779661,34693.333333333336,2.809039548022598,3.433333333333333,0.24016949152542383,71.19152542372883,63.32816091954025,2.9890804597701157,5.2074712643678165,29.328248587570634,8.084180790960449,7.062711864406779,2.7632768361581905,2.5265536723163833,1.7728813559322039,-15.666666666666666,0.0
50,19.55882352941176,15922.32142857143,20742.5,26827.678571428572,0.5291071428571428,12186.785714285714,14766.785714285714,16918.035714285714,18887.678571428572,22817.678571428572,25308.75,28640.535714285714,34349.642857142855,2.846428571428572,3.4464285714285734,0.24198214285714292,67.1857142857143,61.08113207547169,2.786792452830189,4.015094339622642,33.51607142857142,6.9750000000000005,8.017857142857144,2.2196428571428575,3.735714285714286,2.0625000000000004,-15.694642857142862,0.0
51,25.123076923076926,14479.38053097345,19369.46902654867,25929.557522123894,0.5827433628318585,10839.29203539823,13406.991150442478,15475.752212389381,17393.53982300885,21610.442477876106,24298.938053097347,27999.11504424779,34810.44247787611,3.1858407079646014,3.88141592920354,0.2635663716814159,69.47345132743362,62.37570093457942,3.497196261682244,4.505607476635513,28.814159292035402,6.907964601769913,10.869026548672569,3.272566371681415,4.583185840707963,3.0132743362831853,-16.0646017699115,0.0
52,26.38888888888889,14264.347826086956,18710.869565217392,24228.695652173912,0.5313043478260869,10998.695652173914,13345.217391304348,15233.478260869566,16943.91304347826,20604.347826086956,22853.478260869564,25942.17391304348,31440.869565217392,2.8565217391304345,3.4608695652173918,0.24504347826086956,60.1304347826087,55.852631578947374,2.873684210526316,4.215789473684211,35.98695652173913,6.704347826086955,11.678260869565221,2.8173913043478254,5.852173913043478,3.008695652173913,-14.5,0.043478260869565216
53,17.31818181818182,15583.636363636364,20358.18181818182,26355.151515151516,0.5309090909090909,11824.545454545454,14524.545454545454,16583.030303030304,18468.484848484848,22398.18181818182,24880.60606060606,28188.18181818182,34653.333333333336,2.9484848484848483,3.727272727272728,0.2576969696969697,65.76969696969695,58.984375,2.828124999999999,4.190625000000001,33.79090909090909,9.133333333333333,7.633333333333334,2.7636363636363637,2.878787878787879,1.990909090909091,-16.327272727272724,0.0
54,24.507894736842097,14759.247311827958,20469.247311827956,28189.247311827956,0.6517204301075266,10553.978494623656,13500.645161290322,15941.505376344086,18143.11827956989,23075.698924731183,26236.666666666668,30603.978494623654,38827.95698924731,3.703225806451612,4.716129032258063,0.2959462365591397,68.44731182795698,60.34831460674158,2.970786516853934,6.17752808988764,28.976344086021488,11.044086021505375,9.421505376344085,2.4387096774193555,4.210752688172043,2.772043010752688,-17.889247311827965,0.021505376344086023
55,18.34,14250.714285714286,19078.571428571428,25501.428571428572,0.5942857142857143,10651.42857142857,13214.285714285714,15239.285714285714,17202.85714285714,21200.714285714286,23827.85714285714,27461.428571428572,34262.142857142855,3.2142857142857144,4.0357142857142865,0.2750714285714286,62.835714285714296,55.89166666666666,2.525,6.891666666666666,34.607142857142854,7.814285714285712,10.571428571428571,2.4499999999999997,5.257142857142858,2.864285714285714,-15.828571428571427,0.0
56,18.051851851851858,16006.42857142857,21205.833333333332,27812.261904761905,0.5566666666666669,12024.166666666666,14823.809523809523,17093.809523809523,19140.238095238095,23465.0,26165.714285714286,29907.380952380954,36565.357142857145,3.047619047619049,3.6940476190476184,0.25535714285714295,63.8142857142857,55.537804878048775,3.358536585365855,5.313414634146341,36.33690476190477,8.771428571428569,7.694047619047616,2.1964285714285716,3.4095238095238085,2.0880952380952387,-16.616666666666667,0.0
57,22.96434108527131,14366.815286624204,19701.656050955415,26887.898089171973,0.6276433121019107,10587.197452229299,13255.286624203822,15429.617834394905,17516.815286624205,22142.48407643312,25077.133757961783,29130.63694267516,36320.06369426752,3.4191082802547776,4.24076433121019,0.28006369426751576,57.78726114649682,51.234482758620715,3.353103448275862,4.008275862068965,28.984713375796176,17.980891719745227,9.179617834394906,2.5210191082802544,4.153503184713376,2.5050955414012734,-13.932484076433127,0.0
58,23.911764705882355,14364.761904761905,19020.0,24981.904761904763,0.56,10795.714285714286,13348.57142857143,15309.52380952381,17242.85714285714,21078.571428571428,23498.571428571428,26800.95238095238,32774.76190476191,3.0238095238095237,3.766666666666667,0.2591428571428572,57.05714285714286,52.594444444444434,2.4000000000000004,4.772222222222222,38.852380952380955,7.419047619047617,11.914285714285715,2.7,6.219047619047619,2.9952380952380957,-15.242857142857147,0.0
59,26.07014613778706,14499.472817133443,19548.17133443163,26069.456342668862,0.5849093904448107,10904.102141680396,13430.03294892916,15520.691927512356,17519.86820428336,21766.457990115323,24439.538714991762,28058.929159802305,34413.47611202636,3.143986820428335,3.8266886326194403,0.25953542009884695,71.72471169686987,64.71239092495648,3.631239092495633,4.303839441535777,25.33393739703459,6.720593080724882,11.547611202635922,3.663261943986819,4.962438220757818,2.9219110378912685,-15.326853377265232,0.004942339373970346
60,26.292957746478887,14640.63829787234,19693.191489361703,26246.27659574468,0.5807446808510638,10963.617021276596,13553.191489361701,15657.127659574468,17663.08510638298,21930.531914893618,24622.55319148936,28194.14893617021,34690.53191489362,3.119148936170212,3.802127659574468,0.259,70.91702127659573,65.55058823529411,3.5176470588235302,3.2858823529411754,26.829787234042538,6.68723404255319,11.22553191489362,3.98404255319149,4.518085106382979,2.72340425531915,-15.65957446808511,0.0
61,24.614285714285717,13533.333333333334,18163.333333333332,23845.0,0.5679166666666666,10195.833333333334,12500.416666666666,14506.666666666666,16369.166666666666,20132.083333333332,22479.583333333332,25525.416666666668,31210.0,3.0541666666666667,3.75,0.25995833333333335,58.01250000000002,51.2590909090909,3.1954545454545453,4.154545454545453,37.44583333333333,7.129166666666669,11.462499999999999,3.1749999999999994,5.15,3.1374999999999997,-14.049999999999999,0.0
62,27.29895287958116,13122.57142857143,17431.809523809523,22849.571428571428,0.5570952380952383,10187.904761904761,12221.333333333334,13977.095238095239,15675.809523809523,19326.380952380954,21538.85714285714,24424.47619047619,29458.095238095237,2.894285714285716,3.4285714285714293,0.24347619047619032,64.72476190476192,58.54999999999999,3.6598958333333353,3.6135416666666664,30.575238095238074,5.069523809523809,13.306190476190476,3.8799999999999963,5.913333333333332,3.512857142857143,-13.675714285714283,0.0
63,20.692307692307686,15643.333333333334,21218.333333333332,28395.35714285714,0.6023809523809524,11528.095238095239,14452.5,16770.0,18977.85714285714,23693.690476190477,26548.333333333332,30641.309523809523,37946.19047619047,3.339285714285716,4.13452380952381,0.2727142857142858,69.14047619047616,62.20120481927707,2.8421686746987946,4.250602409638557,31.439285714285717,9.688095238095238,7.270238095238096,2.201190476190476,3.0499999999999994,2.0190476190476185,-17.538095238095234,0.0
64,16.34705882352942,15778.932038834952,21447.66990291262,29268.155339805824,0.6229126213592234,11671.650485436894,14605.533980582524,16908.44660194175,19130.194174757282,24037.3786407767,27276.11650485437,31722.135922330097,40031.35922330097,3.4242718446601947,4.2932038834951465,0.28444660194174753,63.15922330097087,54.30873786407768,3.298058252427186,5.552427184466019,36.91553398058253,11.684466019417478,6.665048543689322,1.545631067961165,3.23495145631068,1.8844660194174752,-18.42427184466019,0.0
65,25.274074074074072,13359.25925925926,17862.222222222223,23858.51851851852,0.591111111111111,10075.555555555555,12339.62962962963,14258.888888888889,16036.296296296296,19901.11111111111,22365.555555555555,25624.074074074073,31423.703703703704,3.144444444444444,3.8888888888888897,0.26825925925925925,59.540740740740745,50.566666666666684,4.055555555555555,4.918518518518518,36.659259259259265,7.618518518518521,11.103703703703703,2.351851851851852,5.625925925925924,3.1259259259259258,-14.922222222222224,0.0
66,28.984210526315785,13016.451612903225,17822.41935483871,24468.870967741936,0.6414516129032258,9729.354838709678,12039.193548387097,13994.032258064517,15841.290322580646,20059.1935483871,22794.354838709678,26521.774193548386,33296.93548387097,3.4322580645161285,4.361290322580645,0.28835483870967743,54.903225806451616,44.57258064516129,3.959677419354838,6.370967741935485,37.498387096774195,10.137096774193548,13.414516129032258,3.0806451612903225,6.567741935483868,3.766129032258064,-15.953225806451607,0.0
67,22.486163522012586,14810.594594594595,20563.783783783783,28094.864864864863,0.6349729729729728,10688.0,13583.945945945947,16012.486486486487,18263.567567567567,23124.0,26203.18918918919,30439.08108108108,38162.7027027027,3.55135135135135,4.472432432432431,0.2854972972972973,73.83081081081079,65.76923076923076,3.5329670329670315,4.851648351648354,25.879459459459458,8.769189189189193,9.205405405405406,2.918918918918919,3.7199999999999998,2.5664864864864856,-17.68486486486487,0.03783783783783784
68,24.683333333333334,14708.474576271186,19862.966101694914,27262.79661016949,0.620677966101695,11000.847457627118,13612.118644067798,15767.28813559322,17769.06779661017,22271.01694915254,25341.35593220339,29647.71186440678,37205.93220338983,3.362711864406781,4.142372881355934,0.2750932203389831,71.6805084745763,64.91592920353983,4.002654867256636,3.4601769911504423,27.98983050847458,6.790677966101694,9.740677966101698,3.395762711864406,3.7338983050847454,2.6110169491525435,-16.201694915254233,0.00847457627118644
69,19.969375000000007,16389.354838709678,22571.221198156683,30638.456221198157,0.6209216589861751,11888.617511520737,15047.327188940093,17645.645161290322,20075.2534562212,25330.94470046083,28608.709677419356,33124.05529953917,41111.5668202765,3.423963133640556,4.294700460829492,0.27805760368663596,76.96267281105985,69.55234741784034,3.4436619718309838,4.282159624413145,24.329723502304155,9.508064516129036,7.708986175115208,2.9117511520737334,2.8483870967741947,1.9488479262672822,-18.5094470046083,0.016129032258064516
70,20.557142857142857,14203.636363636364,18704.545454545456,24727.272727272728,0.5645454545454546,10984.545454545454,13261.818181818182,15065.454545454546,16877.272727272728,20724.545454545456,23148.18181818182,26430.909090909092,32454.545454545456,2.9545454545454546,3.627272727272728,0.25572727272727275,63.445454545454545,56.70909090909092,3.4454545454545453,3.290909090909091,34.081818181818186,6.9363636363636365,10.154545454545456,2.5818181818181816,4.927272727272728,2.6454545454545455,-14.618181818181823,0.0
71,23.40961538461539,14186.88524590164,18635.737704918032,24287.377049180326,0.5409836065573771,10841.311475409837,13245.081967213115,15103.77049180328,16862.950819672133,20559.016393442624,22837.049180327867,25972.131147540982,31746.06557377049,2.9262295081967205,3.557377049180327,0.25018032786885247,60.52622950819673,54.33214285714286,3.2553571428571435,4.000000000000001,37.30819672131147,6.932786885245903,10.122950819672132,2.9442622950819666,4.4606557377049185,2.7180327868852463,-14.890163934426226,0.0
72,24.31724137931035,14979.875,19928.625,26078.5,0.5576250000000001,11162.75,13874.75,15996.875,17988.375,22077.25,24531.625,27948.75,33968.25,3.0824999999999996,3.7362499999999983,0.2521000000000001,64.73000000000002,59.19305555555556,2.925,3.956944444444445,34.05875000000002,7.259999999999995,9.808749999999998,3.1375,3.969999999999999,2.70125,-15.857499999999998,0.0
73,17.954545454545457,15928.60465116279,21392.558139534885,28419.302325581397,0.5830232558139533,11976.279069767443,14796.744186046511,17073.488372093023,19235.3488372093,23750.0,26610.0,30600.697674418603,37333.48837209302,3.125581395348837,3.820930232558139,0.2625116279069767,68.83953488372094,61.32558139534883,3.195348837209302,4.31860465116279,31.120930232558145,10.109302325581394,6.893023255813954,2.4441860465116276,2.704651162790698,1.7441860465116277,-16.96279069767442,0.0
74,14.373846153846157,17372.52525252525,24160.20202020202,33822.92929292929,0.6677777777777778,12685.757575757576,15964.242424242424,18705.252525252527,21340.0,27335.555555555555,31288.383838383837,37005.85858585859,47395.9595959596,3.8070707070707055,4.732323232323234,0.2964949494949495,79.03333333333335,72.0173469387755,3.357142857142859,3.7326530612244904,24.41616161616162,9.05353535353535,4.317171717171718,1.78989898989899,1.4595959595959587,1.0676767676767678,-16.82020202020202,0.010101010101010102
75,16.839302694136286,19255.96551724138,30844.988505747126,47237.333333333336,0.8771264367816082,11923.83908045977,16961.793103448275,21496.919540229886,26054.41379310345,36275.64367816092,42983.379310344826,52597.68965517241,71486.62068965517,5.867701149425285,8.213793103448264,0.3797965517241382,88.40333333333336,77.24758620689659,3.079770114942531,8.075977011494258,19.535057471264363,15.681494252873586,3.5011494252873554,1.0194252873563208,1.5078160919540213,0.9739080459770111,-27.121034482758617,0.0034482758620689655
76,24.381592039801,14896.889763779527,19858.582677165356,25987.08661417323,0.5526771653543306,11187.24409448819,13808.740157480315,15924.566929133858,17892.047244094487,21975.314960629923,24475.55118110236,27834.6062992126,33605.669291338585,2.9901574803149593,3.5618110236220484,0.24430708661417322,67.12047244094487,61.95093457943928,3.343457943925233,3.9630841121495304,31.204724409448815,5.796850393700787,11.005118110236221,3.2188976377952767,4.879133858267715,2.9070866141732306,-15.127165354330705,0.015748031496062992
77,18.622485207100585,16308.170212765957,21861.957446808512,28509.787234042553,0.5596595744680849,12098.978723404256,15096.510638297872,17487.872340425532,19691.063829787236,24173.106382978724,26878.68085106383,30465.787234042553,36565.574468085106,3.0421276595744673,3.6153191489361687,0.2476808510638298,80.93489361702133,75.69724770642208,3.2119266055045883,2.942201834862386,22.342127659574476,6.081702127659575,7.986382978723405,3.380425531914895,2.721702127659573,1.884255319148936,-17.345106382978724,0.00851063829787234
78,18.77435897435898,19943.118811881188,27231.60891089109,36606.80693069307,0.6006435643564355,14462.277227722772,18380.69306930693,21434.430693069306,24328.737623762376,30401.38613861386,34230.49504950495,39530.0495049505,48981.78217821782,3.3455445544554463,4.120297029702967,0.27100495049504963,85.25693069306936,80.3386422976501,2.6814621409921675,3.0908616187989555,22.86485148514851,8.458663366336628,4.966831683168314,2.3371287128712877,1.4913366336633638,1.1383663366336645,-21.54727722772279,0.017326732673267328
79,17.368750000000002,15501.666666666666,20390.0,26840.47619047619,0.5559523809523809,11700.714285714286,14358.333333333334,16490.95238095238,18410.714285714286,22637.619047619046,25192.85714285714,28767.85714285714,35223.80952380953,3.0357142857142856,3.7833333333333337,0.2615476190476191,67.2904761904762,59.642857142857146,2.6880952380952374,4.959523809523811,33.01190476190476,8.692857142857143,7.8047619047619055,2.238095238095238,3.5595238095238093,2.007142857142857,-16.799999999999997,0.0
80,26.13636363636364,13787.540983606557,18860.32786885246,25519.344262295082,0.6129508196721314,10160.16393442623,12734.590163934427,14791.147540983606,16802.950819672133,21100.491803278688,23828.524590163935,27575.409836065573,34421.311475409835,3.354098360655738,4.20983606557377,0.2785737704918033,68.44918032786885,61.64259259259261,3.2518518518518524,5.677777777777779,27.940983606557378,7.554098360655738,12.326229508196722,3.209836065573771,5.809836065573769,3.3065573770491814,-16.27049180327869,0.03278688524590164
81,21.56530612244898,14502.881355932202,19416.101694915254,25884.915254237287,0.5867796610169491,10962.71186440678,13459.152542372882,15506.77966101695,17416.610169491527,21646.4406779661,24276.271186440677,27871.186440677968,34471.35593220339,3.1644067796610167,3.9593220338983066,0.2726440677966101,59.866101694915244,50.78474576271188,3.210169491525424,5.871186440677965,37.24406779661018,9.8728813559322,8.757627118644068,2.549152542372881,3.8949152542372887,2.313559322033899,-15.74067796610169,0.0
82,22.72121212121212,14053.030303030304,19155.757575757576,25694.848484848484,0.6115151515151515,10568.787878787878,12988.181818181818,15098.484848484848,17024.545454545456,21365.454545454544,24045.757575757576,27717.878787878788,34291.51515151515,3.263636363636364,4.157575757575758,0.28099999999999997,64.7,55.28181818181819,3.3636363636363633,6.054545454545456,32.78787878787879,9.215151515151517,9.260606060606063,2.757575757575758,4.145454545454545,2.3575757575757574,-15.963636363636367,0.0
83,18.02843601895735,15718.92857142857,21128.29365079365,27883.45238095238,0.5746031746031747,11575.079365079366,14518.730158730159,16858.4126984127,18992.261904761905,23434.64285714286,26208.214285714286,29941.26984126984,36534.80158730159,3.1511904761904757,3.8789682539682526,0.26298015873015856,63.33015873015874,54.20753968253965,3.448412698412698,5.67420634920635,36.299206349206365,10.626190476190475,7.285317460317457,2.111904761904761,3.315873015873016,1.8575396825396833,-17.54087301587302,0.003968253968253968
84,25.58130841121495,13677.456140350878,18494.736842105263,24630.263157894737,0.5918421052631577,10225.263157894737,12649.21052631579,14648.157894736842,16511.57894736842,20600.701754385966,23081.491228070176,26484.035087719298,32318.42105263158,3.168421052631579,3.9114035087719285,0.2668947368421053,65.74035087719298,56.97256637168143,4.336283185840711,4.567256637168143,30.073684210526313,8.863157894736846,10.513157894736842,3.372807017543859,4.28421052631579,2.8561403508771925,-15.190350877192984,0.0
85,12.785000000000002,16575.535714285714,21549.285714285714,27936.071428571428,0.5264285714285714,12644.464285714286,15452.857142857143,17611.071428571428,19588.928571428572,23687.678571428572,26348.928571428572,29908.571428571428,36627.32142857143,2.914285714285714,3.7,0.2593392857142857,60.396428571428565,52.79636363636362,2.765454545454545,5.156363636363635,40.44642857142857,11.149999999999997,5.366071428571428,1.7392857142857145,2.242857142857142,1.3839285714285714,-17.358928571428574,0.0
86,25.814893617021276,13885.30612244898,19207.755102040817,25963.061224489797,0.6244897959183674,9933.265306122448,12699.795918367347,15000.204081632653,17070.61224489796,21549.79591836735,24266.938775510203,27917.34693877551,34517.142857142855,3.5142857142857133,4.320408163265308,0.2760204081632653,64.99183673469386,58.81333333333334,3.2022222222222227,4.47111111111111,32.59183673469388,7.765306122448982,11.040816326530612,2.9795918367346945,4.846938775510204,3.2142857142857144,-16.389795918367344,0.0
87,22.127450980392158,14545.076923076924,19593.23076923077,26108.153846153848,0.5869230769230768,10807.384615384615,13438.615384615385,15575.076923076924,17585.846153846152,21781.076923076922,24501.384615384617,28086.76923076923,34509.230769230766,3.2092307692307696,3.947692307692309,0.26390769230769223,62.26615384615385,56.99499999999998,2.558333333333333,4.386666666666667,35.56307692307691,7.419999999999996,10.993846153846158,2.890769230769231,5.161538461538464,2.9415384615384608,-16.24307692307693,0.0
88,26.894736842105264,13569.09090909091,18378.18181818182,24716.81818181818,0.6000000000000001,10177.727272727272,12467.272727272728,14503.636363636364,16463.636363636364,20452.272727272728,23108.636363636364,26825.909090909092,33252.72727272727,3.2590909090909093,4.154545454545455,0.2818181818181818,60.86818181818183,54.499999999999986,3.2157894736842105,5.821052631578947,34.13636363636363,8.82272727272727,12.068181818181818,3.1545454545454548,5.695454545454544,3.2181818181818174,-15.895454545454545,0.0
89,26.925000000000008,13664.6875,18235.9375,24265.9375,0.5803124999999999,10499.6875,12723.75,14557.5,16416.25,20303.125,22725.0,26115.0,32501.875,3.0749999999999997,3.85625,0.2669687500000001,61.740624999999994,55.074999999999996,3.150000000000001,5.110714285714287,33.61875,7.909375000000002,12.296874999999996,3.562499999999999,5.540625000000001,3.1937499999999996,-15.565624999999999,0.0
90,26.747058823529407,13250.0,17894.444444444445,24380.0,0.6138888888888888,9928.333333333334,12258.888888888889,14203.333333333334,16009.444444444445,20111.666666666668,22806.666666666668,26285.0,32429.444444444445,3.25,3.9111111111111105,0.2689444444444445,68.00555555555555,64.09999999999998,3.6933333333333334,3.386666666666666,28.46111111111111,6.088888888888889,12.36111111111111,3.6666666666666665,5.35,3.3444444444444437,-14.916666666666666,0.0
91,18.47881773399014,17120.099667774088,23100.265780730897,30413.488372093023,0.5769767441860473,12498.106312292359,15770.863787375416,18363.787375415282,20749.36877076412,25645.01661129568,28596.478405315615,32545.548172757473,39269.70099667774,3.150498338870432,3.7641196013289058,0.2555780730897011,82.94584717607974,77.53506944444445,3.0006944444444454,2.7274305555555545,22.827574750830568,6.393355481727578,6.868106312292358,3.0870431893687704,2.1694352159468444,1.6116279069767432,-19.034883720930225,0.029900332225913623
92,15.959347181008905,20128.029801324505,29315.248344370862,41682.8642384106,0.7175993377483448,13611.407284768213,18177.93046357616,21966.241721854305,25580.447019867548,33503.774834437085,38526.47350993378,45576.35761589404,58658.708609271525,4.250496688741724,5.449668874172186,0.3167963576158942,90.33692052980136,83.06149999999992,2.9258333333333324,4.469333333333336,19.316059602649,10.646357615894035,4.042880794701989,1.6084437086092727,1.4599337748344363,0.9745033112582782,-24.342218543046368,0.013223140495867768
93,28.589836660617074,13066.564102564103,18303.470085470086,24906.786324786324,0.6445811965811965,9352.42735042735,11955.23076923077,14137.452991452992,16197.948717948719,20626.239316239316,23319.213675213676,26798.290598290598,32647.965811965812,3.5054700854700873,4.154188034188035,0.2708923076923079,80.3476923076923,73.89762340036569,4.320658135283364,2.7950639853747714,19.10393162393161,5.025641025641025,11.41196581196581,4.309401709401704,4.285811965811963,2.816752136752134,-15.889230769230773,0.02564102564102564
94,19.669886363636362,16927.828685258963,23760.219123505976,32468.34661354582,0.6492430278884467,11831.274900398406,15440.219123505976,18333.54581673307,21024.083665338647,26773.48605577689,30309.043824701195,35064.02390438247,43287.211155378485,3.6402390438247005,4.395816733067731,0.28141633466135463,84.92908366533865,77.94887983706731,3.1645621181262764,4.090835030549899,21.308565737051772,7.769521912350595,6.288844621513947,2.5127490039840654,2.252390438247012,1.5237051792828693,-20.296015936254985,0.01593625498007968
95,22.696958174904932,15553.612716763006,21297.745664739883,28290.086705202313,0.5966763005780347,11197.456647398843,14249.364161849711,16748.15028901734,19026.994219653177,23726.965317919075,26572.543352601155,30361.763005780347,36665.52023121387,3.271098265895952,3.8725433526011552,0.25921387283236996,82.56069364161854,76.20521472392643,3.619938650306752,3.059509202453987,21.010404624277438,5.653757225433526,8.232947976878611,3.7167630057803454,2.6026011560693654,1.9135838150289024,-17.45780346820808,0.014450867052023121
972,29.58000000000001,12580.291262135923,18530.388349514564,26760.873786407767,0.759902912621359,8910.0,11426.40776699029,13695.14563106796,16027.864077669903,21390.388349514564,24743.495145631066,29252.912621359224,36836.50485436893,4.124271844660196,5.107766990291261,0.31433009708737863,71.04077669902912,62.54563106796115,3.7679611650485443,4.727184466019417,24.731067961165046,5.636893203883496,12.698058252427183,2.784466019417476,7.694174757281552,2.2194174757281546,-14.106796116504848,0.0
974,38.44291497975709,11330.694980694981,16404.440154440155,24678.610038610037,0.7963320463320467,8454.826254826256,10425.714285714286,12228.301158301158,14175.405405405405,19097.258687258687,22527.065637065636,27248.030888030888,35304.13127413127,4.133204633204635,5.058301158301163,0.3207722007722003,72.91660231660236,60.68482490272371,5.431128404669259,6.945914396887157,15.57606177606178,6.419305019305019,18.152123552123562,4.7857142857142865,9.723166023166018,3.643243243243245,-13.06409266409267,0.003861003861003861
